sequence_num,latency_ms
0,4.49
1,4.22
2,4.84
3,4.4
4,4.99
5,4.67
6,4.37
7,4.36
8,4.65
9,4.41
10,4.23
11,4.41
12,3.91
13,4.32
14,4.44
15,4.53
16,4.33
17,4.65
18,4.42
19,5.04
20,4.32
21,4.32
22,4.1
23,4.45
24,4.8
25,4.4
26,4.04
27,4.77
28,4.39
29,4.17
30,4.07
31,4.68
32,3.8
33,4.27
34,5.02
35,4.41
36,5.0
37,4.25
38,4.11
39,4.35
40,4.86
41,3.93
42,4.26
43,4.41
44,4.49
45,4.92
46,4.11
47,4.4
48,3.92
49,4.6
50,4.93
51,4.2
52,4.35
53,4.73
54,5.31
55,4.88
56,4.45
57,4.35
58,4.44
59,4.79
60,4.38
61,4.18
62,4.49
63,4.66
64,5.2
65,4.64
66,4.22
67,4.74
68,4.61
69,4.14
70,4.88
71,4.47
72,4.17
73,4.83
74,5.1
75,4.1
76,4.37
77,4.61
78,4.69
79,5.01
80,4.39
81,4.1
82,4.94
83,13.59
84,8.26
85,4.39
86,4.56
87,4.97
88,4.84
89,4.43
90,5.16
91,5.5
92,4.86
93,4.89
94,4.54
95,4.73
96,4.95
97,4.21
98,4.53
99,3.99
100,4.91
101,4.24
102,4.09
103,4.28
104,5.25
105,4.37
106,4.93
107,5.33
108,4.9
109,4.15
110,4.22
111,4.34
112,4.84
113,4.29
114,4.9
115,4.31
116,4.81
117,4.23
118,4.97
119,4.5
120,4.83
121,4.32
122,4.15
123,4.31
124,4.86
125,4.19
126,4.47
127,4.5
128,4.82
129,4.05
130,4.3
131,4.01
132,3.84
133,4.22
134,4.94
135,4.44
136,4.09
137,4.74
138,4.38
139,4.12
140,4.91
141,3.98
142,4.39
143,4.17
144,5.06
145,4.81
146,4.34
147,4.04
148,4.85
149,4.4
150,4.07
151,4.83
152,4.45
153,4.19
154,4.93
155,3.82
156,4.39
157,4.18
158,4.18
159,4.83
160,3.84
161,4.18
162,4.87
163,4.38
164,4.11
165,4.02
166,4.05
167,4.36
168,4.17
169,4.09
170,3.97
171,4.3
172,4.03
173,4.64
174,4.37
175,4.06
176,4.84
177,4.49
178,4.17
179,4.89
180,4.58
181,4.3
182,5.07
183,4.62
184,4.46
185,4.26
186,4.06
187,4.82
188,4.53
189,4.34
190,4.03
191,4.87
192,4.49
193,4.33
194,4.11
195,4.01
196,4.57
197,4.4
198,4.21
199,4.08
200,4.09
201,4.42
202,4.23
203,3.99
204,4.78
205,4.07
206,4.43
207,4.26
208,4.15
209,4.8
210,3.81
211,4.15
212,4.81
213,4.44
214,4.06
215,4.62
216,4.32
217,5.02
218,4.6
219,4.32
220,4.05
221,4.73
222,4.33
223,5.01
224,4.62
225,4.3
226,4.94
227,3.84
228,4.16
229,4.86
230,4.45
231,4.16
232,4.77
233,3.82
234,4.13
235,4.83
236,4.53
237,4.23
238,3.98
239,3.73
240,4.25
241,4.17
242,4.18
243,4.61
244,4.42
245,4.23
246,5.03
247,4.84
248,3.98
249,4.45
250,4.22
251,4.95
252,4.73
253,4.51
254,4.31
255,4.11
256,4.89
257,4.72
258,4.57
259,4.36
260,4.16
261,4.07
262,4.75
263,3.89
264,4.38
265,4.11
266,4.8
267,4.56
268,4.26
269,4.09
270,4.51
271,3.94
272,4.41
273,4.24
274,4.1
275,4.9
276,4.03
277,4.39
278,4.17
279,4.83
280,4.15
281,3.84
282,4.34
283,4.16
284,4.13
285,4.77
286,3.86
287,4.41
288,4.13
289,4.05
290,4.86
291,4.44
292,4.16
293,4.01
294,4.78
295,3.85
296,4.23
297,4.08
298,4.69
299,4.39
300,4.14
301,4.92
302,4.61
303,4.22
304,4.08
305,4.59
306,4.3
307,4.15
308,4.75
309,4.41
310,4.13
311,4.74
312,4.39
313,4.07
314,4.77
315,4.4
316,4.06
317,4.76
318,4.32
319,4.22
320,4.8
321,4.48
322,4.23
323,4.68
324,4.45
325,4.21
326,5.05
327,4.57
328,3.94
329,4.44
330,4.18
331,3.94
332,4.71
333,4.51
334,4.37
335,4.16
336,4.07
337,4.09
338,4.45
339,4.34
340,4.12
341,4.92
342,3.97
343,4.37
344,4.14
345,4.62
346,4.67
347,4.33
348,4.13
349,5.0
350,4.76
351,4.56
352,4.33
353,4.13
354,5.03
355,4.58
356,4.61
357,4.43
358,4.16
359,4.03
360,4.81
361,4.63
362,4.45
363,4.22
364,4.02
365,4.25
366,4.68
367,4.5
368,4.34
369,4.06
370,4.0
371,4.01
372,4.38
373,4.14
374,4.08
375,4.82
376,4.63
377,4.37
378,4.13
379,4.08
380,4.78
381,4.04
382,4.46
383,4.15
384,4.06
385,4.81
386,4.05
387,4.43
388,4.14
389,4.03
390,4.82
391,4.61
392,4.35
393,4.14
394,4.03
395,4.75
396,4.46
397,4.18
398,4.14
399,4.83
400,4.03
401,4.26
402,4.07
403,4.66
404,4.55
405,4.19
406,4.81
407,4.04
408,4.42
409,4.18
410,5.02
411,4.23
412,4.56
413,4.3
414,4.21
415,4.93
416,3.92
417,3.74
418,4.24
419,4.96
420,4.65
421,4.4
422,4.1
423,4.05
424,4.17
425,4.46
426,4.26
427,4.06
428,4.92
429,4.04
430,3.96
431,4.31
432,4.26
433,4.97
434,4.76
435,4.44
436,4.27
437,4.05
438,4.73
439,4.57
440,4.29
441,4.83
442,3.83
443,4.17
444,4.86
445,3.89
446,4.2
447,4.91
448,4.54
449,4.27
450,3.92
451,4.66
452,4.39
453,4.04
454,4.56
455,3.81
456,4.13
457,4.77
458,4.37
459,4.1
460,4.79
461,4.39
462,4.25
463,4.84
464,3.94
465,4.19
466,3.97
467,3.97
468,5.1
469,4.74
470,4.52
471,4.18
472,3.94
473,4.07
474,4.34
475,4.03
476,4.76
477,3.89
478,4.24
479,4.01
480,3.92
481,4.28
482,4.07
483,4.88
484,4.68
485,4.44
486,4.27
487,5.05
488,4.62
489,4.01
490,4.4
491,4.24
492,4.03
493,4.77
494,4.53
495,4.36
496,4.32
497,4.98
498,4.8
499,4.56
500,4.4
501,4.25
502,5.1
503,4.71
504,4.07
505,4.51
506,4.31
507,4.32
508,5.08
509,4.75
510,4.63
511,4.25
512,4.15
513,4.98
514,4.77
515,4.04
516,4.38
517,4.16
518,4.13
519,4.8
520,4.5
521,4.15
522,4.04
523,4.01
524,4.59
525,4.42
526,4.32
527,5.03
528,4.84
529,4.02
530,4.41
531,4.17
532,5.01
533,4.8
534,4.57
535,4.39
536,4.3
537,5.03
538,4.6
539,3.95
540,4.23
541,5.06
542,4.76
543,4.37
544,4.14
545,4.77
546,3.81
547,4.18
548,3.92
549,4.42
550,4.07
551,4.82
552,4.45
553,4.18
554,4.73
555,4.45
556,4.08
557,4.72
558,4.4
559,4.07
560,4.12
561,4.39
562,4.08
563,3.96
564,4.39
565,4.12
566,4.81
567,4.5
568,4.24
569,4.03
570,4.71
571,4.26
572,4.98
573,4.55
574,4.16
575,3.93
576,4.49
577,4.17
578,4.04
579,4.61
580,4.29
581,4.05
582,4.75
583,4.49
584,4.2
585,3.93
586,4.62
587,4.35
588,4.1
589,4.75
590,3.74
591,4.11
592,4.87
593,4.48
594,4.2
595,4.81
596,4.4
597,4.13
598,4.76
599,4.3
600,4.02
601,4.78
602,4.35
603,3.97
604,4.54
605,4.36
606,4.16
607,4.11
608,4.82
609,3.88
610,4.44
611,4.24
612,4.06
613,4.01
614,4.0
615,4.39
616,3.98
617,4.87
618,4.71
619,4.51
620,4.3
621,4.14
622,4.77
623,4.56
624,4.42
625,4.22
626,5.0
627,4.85
628,4.61
629,4.44
630,4.22
631,4.07
632,4.14
633,3.8
634,4.32
635,4.16
636,4.07
637,4.77
638,4.63
639,4.48
640,4.27
641,4.07
642,4.98
643,4.76
644,3.97
645,4.52
646,4.31
647,4.23
648,4.84
649,4.05
650,4.48
651,4.28
652,4.1
653,4.06
654,4.19
655,4.59
656,4.46
657,4.27
658,5.0
659,4.78
660,4.04
661,4.44
662,4.17
663,4.09
664,4.81
665,3.85
666,4.36
667,4.05
668,4.03
669,4.79
670,3.98
671,4.46
672,4.14
673,4.94
674,4.8
675,4.61
676,4.42
677,4.31
678,4.08
679,4.89
680,4.68
681,4.55
682,4.38
683,4.14
684,5.0
685,3.92
686,4.56
687,4.4
688,4.26
689,4.09
690,3.95
691,4.74
692,4.58
693,4.38
694,4.2
695,4.06
696,3.99
697,4.62
698,4.39
699,4.2
700,5.14
701,4.88
702,4.02
703,4.5
704,4.3
705,4.13
706,4.06
707,4.84
708,4.11
709,4.41
710,4.18
711,4.05
712,3.96
713,4.09
714,4.43
715,4.24
716,4.06
717,4.86
718,4.62
719,3.78
720,4.29
721,4.14
722,4.75
723,4.88
724,4.04
725,4.4
726,4.13
727,3.95
728,4.77
729,4.47
730,4.28
731,4.14
732,4.05
733,4.59
734,4.42
735,4.22
736,5.06
737,4.81
738,4.57
739,4.4
740,4.17
741,3.98
742,4.7
743,4.46
744,4.32
745,4.17
746,4.13
747,4.8
748,4.59
749,4.4
750,4.28
751,5.1
752,4.89
753,4.07
754,4.43
755,4.22
756,4.16
757,4.82
758,4.47
759,4.25
760,4.12
761,4.68
762,4.68
763,4.37
764,4.14
765,3.97
766,4.2
767,4.49
768,4.25
769,4.05
770,4.85
771,3.92
772,4.32
773,4.09
774,4.05
775,4.14
776,4.46
777,4.28
778,4.21
779,4.93
780,4.14
781,4.43
782,4.21
783,5.03
784,4.87
785,4.58
786,4.43
787,4.17
788,4.02
789,4.31
790,4.61
791,3.76
792,4.27
793,4.09
794,4.77
795,3.86
796,4.41
797,4.21
798,5.0
799,4.61
800,3.86
801,4.35
802,4.18
803,4.96
804,4.54
805,3.78
806,4.35
807,4.11
808,3.96
809,4.06
810,4.6
811,4.43
812,4.2
813,4.05
814,4.89
815,4.15
816,4.55
817,4.33
818,4.21
819,5.05
820,4.88
821,4.1
822,4.48
823,4.3
824,4.12
825,4.09
826,4.71
827,3.96
828,4.35
829,4.03
830,4.85
831,4.74
832,3.8
833,4.35
834,4.11
835,4.9
836,3.98
837,4.28
838,4.01
839,4.74
840,4.46
841,4.2
842,4.95
843,4.56
844,3.93
845,4.38
846,4.21
847,4.03
848,4.1
849,4.44
850,4.29
851,4.03
852,4.86
853,4.65
854,3.77
855,4.16
856,4.84
857,3.88
858,4.29
859,4.01
860,3.94
861,4.52
862,4.27
863,4.11
864,4.92
865,4.59
866,3.92
867,4.37
868,4.14
869,5.01
870,4.81
871,4.64
872,4.45
873,4.22
874,4.13
875,3.96
876,4.69
877,4.54
878,4.34
879,4.04
880,4.8
881,3.88
882,4.45
883,4.26
884,4.12
885,4.79
886,4.09
887,4.47
888,4.21
889,4.03
890,4.82
891,3.97
892,4.43
893,4.25
894,4.04
895,4.82
896,3.99
897,4.39
898,4.15
899,4.07
900,4.83
901,4.66
902,4.48
903,4.24
904,4.04
905,4.84
906,3.87
907,4.15
908,4.9
909,4.55
910,4.23
911,5.0
912,4.65
913,4.49
914,4.29
915,4.19
916,4.9
917,3.93
918,4.33
919,4.18
920,4.75
921,4.7
922,4.52
923,4.34
924,4.16
925,3.95
926,3.93
927,4.4
928,4.35
929,4.01
930,4.87
931,4.57
932,4.28
933,5.04
934,4.78
935,3.91
936,4.37
937,4.24
938,4.18
939,4.78
940,4.57
941,4.37
942,4.22
943,4.09
944,4.9
945,4.56
946,4.18
947,3.94
948,4.63
949,4.27
950,4.0
951,3.83
952,4.18
953,4.82
954,4.39
955,4.03
956,4.71
957,4.41
958,4.08
959,4.74
960,4.43
961,4.12
962,4.87
963,3.71
964,4.24
965,5.02
966,4.82
967,4.03
968,4.33
969,4.17
970,4.79
971,3.74
972,4.09
973,4.61
974,4.4
975,4.08
976,4.56
977,4.0
978,4.16
979,3.87
980,4.47
981,4.22
982,4.02
983,4.86
984,3.95
985,4.38
986,4.11
987,4.99
988,4.14
989,4.51
990,4.33
991,4.06
992,3.98
993,4.01
994,4.47
995,4.28
996,4.22
997,4.79
998,4.48
999,4.3
1000,4.22
1001,4.83
1002,4.55
1003,4.37
1004,4.13
1005,4.94
1006,4.63
1007,4.46
1008,4.28
1009,4.14
1010,4.71
1011,4.53
1012,4.32
1013,4.13
1014,4.97
1015,4.75
1016,3.94
1017,4.4
1018,4.17
1019,3.98
1020,4.62
1021,4.36
1022,4.12
1023,4.95
1024,3.94
1025,4.42
1026,4.26
1027,4.1
1028,4.86
1029,4.68
1030,3.88
1031,4.31
1032,4.11
1033,4.95
1034,3.96
1035,4.28
1036,4.14
1037,4.79
1038,4.53
1039,4.33
1040,4.06
1041,4.87
1042,4.03
1043,4.39
1044,4.16
1045,4.05
1046,4.8
1047,4.08
1048,4.41
1049,4.26
1050,5.11
1051,4.87
1052,4.16
1053,4.41
1054,4.21
1055,4.05
1056,4.68
1057,4.52
1058,4.3
1059,4.1
1060,4.0
1061,4.72
1062,3.91
1063,4.39
1064,4.2
1065,3.95
1066,4.75
1067,4.53
1068,4.27
1069,4.07
1070,3.96
1071,4.61
1072,4.44
1073,4.17
1074,4.07
1075,4.59
1076,4.46
1077,4.3
1078,4.05
1079,4.84
1080,4.61
1081,4.31
1082,4.1
1083,4.87
1084,3.95
1085,3.85
1086,4.18
1087,4.13
1088,3.91
1089,4.28
1090,4.03
1091,4.77
1092,4.45
1093,4.08
1094,4.72
1095,4.34
1096,3.99
1097,4.73
1098,4.55
1099,4.24
1100,4.03
1101,4.67
1102,4.42
1103,4.11
1104,4.87
1105,4.56
1106,4.22
1107,4.93
1108,4.63
1109,4.3
1110,4.13
1111,4.79
1112,4.54
1113,4.37
1114,4.29
1115,5.05
1116,4.76
1117,4.57
1118,4.31
1119,5.12
1120,4.81
1121,4.07
1122,4.44
1123,4.16
1124,4.01
1125,4.71
1126,4.53
1127,4.29
1128,4.08
1129,4.32
1130,4.66
1131,4.41
1132,4.23
1133,4.96
1134,4.09
1135,4.4
1136,4.23
1137,4.03
1138,4.71
1139,4.42
1140,4.26
1141,4.0
1142,4.76
1143,4.64
1144,4.46
1145,4.18
1146,4.98
1147,4.23
1148,4.55
1149,4.42
1150,4.15
1151,4.11
1152,4.9
1153,4.56
1154,4.44
1155,4.24
1156,4.06
1157,4.81
1158,3.88
1159,4.51
1160,4.29
1161,4.09
1162,4.86
1163,3.95
1164,4.35
1165,4.19
1166,3.99
1167,4.67
1168,4.39
1169,4.1
1170,4.97
1171,4.65
1172,4.48
1173,4.18
1174,4.94
1175,4.67
1176,4.37
1177,3.99
1178,4.12
1179,4.38
1180,4.06
1181,4.52
1182,3.87
1183,4.19
1184,3.91
1185,4.53
1186,4.3
1187,3.97
1188,4.56
1189,4.35
1190,4.06
1191,3.86
1192,3.79
1193,4.19
1194,3.94
1195,3.84
1196,4.18
1197,4.88
1198,4.56
1199,4.28
1200,4.04
1201,4.71
1202,3.72
1203,4.13
1204,4.05
1205,4.02
1206,4.27
1207,4.03
1208,4.73
1209,4.3
1210,4.1
1211,4.88
1212,3.93
1213,4.4
1214,4.12
1215,4.98
1216,3.94
1217,4.42
1218,4.14
1219,4.0
1220,4.75
1221,3.82
1222,4.32
1223,4.13
1224,4.88
1225,4.12
1226,4.45
1227,4.24
1228,4.21
1229,4.88
1230,3.88
1231,4.19
1232,4.95
1233,4.55
1234,4.24
1235,3.92
1236,3.92
1237,4.2
1238,4.91
1239,3.91
1240,4.42
1241,4.23
1242,4.14
1243,4.79
1244,3.83
1245,4.4
1246,4.2
1247,4.92
1248,3.97
1249,4.46
1250,4.28
1251,4.15
1252,4.93
1253,4.13
1254,4.51
1255,4.26
1256,4.06
1257,3.99
1258,3.9
1259,4.4
1260,4.16
1261,4.98
1262,4.15
1263,3.82
1264,4.33
1265,4.12
1266,4.03
1267,4.71
1268,4.51
1269,4.26
1270,4.1
1271,4.87
1272,4.04
1273,4.28
1274,4.06
1275,4.03
1276,4.78
1277,3.94
1278,4.27
1279,4.03
1280,4.87
1281,3.94
1282,4.17
1283,4.89
1284,4.07
1285,4.37
1286,4.07
1287,4.91
1288,4.7
1289,4.42
1290,4.25
1291,4.11
1292,4.92
1293,4.72
1294,3.8
1295,4.2
1296,4.04
1297,4.23
1298,4.57
1299,4.3
1300,4.07
1301,4.79
1302,4.5
1303,4.18
1304,4.82
1305,3.89
1306,4.42
1307,4.09
1308,4.86
1309,3.95
1310,4.42
1311,4.17
1312,4.99
1313,4.17
1314,3.92
1315,4.2
1316,4.16
1317,4.98
1318,4.65
1319,4.5
1320,4.07
1321,5.03
1322,4.74
1323,4.49
1324,4.24
1325,4.01
1326,4.77
1327,4.6
1328,4.29
1329,5.08
1330,4.9
1331,4.47
1332,4.49
1333,4.31
1334,4.11
1335,4.84
1336,4.5
1337,4.34
1338,4.16
1339,4.96
1340,4.71
1341,4.51
1342,4.38
1343,4.18
1344,4.84
1345,3.95
1346,4.27
1347,4.98
1348,4.68
1349,4.45
1350,4.2
1351,3.98
1352,4.77
1353,3.89
1354,4.28
1355,4.04
1356,4.75
1357,3.75
1358,4.25
1359,4.04
1360,4.79
1361,4.6
1362,4.43
1363,4.25
1364,4.12
1365,4.73
1366,4.4
1367,4.18
1368,4.91
1369,4.67
1370,4.36
1371,4.08
1372,4.65
1373,4.47
1374,4.22
1375,4.09
1376,4.81
1377,4.68
1378,4.35
1379,4.15
1380,4.83
1381,4.57
1382,4.36
1383,4.09
1384,4.08
1385,4.68
1386,4.42
1387,4.2
1388,4.1
1389,4.67
1390,3.98
1391,4.26
1392,4.11
1393,4.76
1394,3.97
1395,4.37
1396,4.19
1397,4.03
1398,4.71
1399,4.65
1400,4.25
1401,4.13
1402,4.62
1403,3.91
1404,4.44
1405,4.2
1406,4.11
1407,4.78
1408,4.61
1409,4.42
1410,4.22
1411,4.11
1412,4.82
1413,4.6
1414,4.43
1415,4.18
1416,4.01
1417,4.61
1418,4.52
1419,4.32
1420,4.05
1421,4.82
1422,4.47
1423,4.18
1424,4.03
1425,4.69
1426,4.47
1427,4.28
1428,4.1
1429,4.88
1430,3.95
1431,4.23
1432,4.15
1433,4.84
1434,3.96
1435,4.39
1436,4.15
1437,5.0
1438,4.68
1439,4.65
1440,4.43
1441,4.16
1442,4.68
1443,4.75
1444,3.91
1445,4.2
1446,4.88
1447,4.5
1448,4.34
1449,3.97
1450,4.46
1451,4.41
1452,4.2
1453,4.06
1454,4.81
1455,4.67
1456,4.48
1457,4.34
1458,4.15
1459,3.93
1460,4.77
1461,4.51
